{
  "mae_overall": {
    "nvila-15b-sft": 0.40752232142857137,
    "nvila-15b-sft2ep": 0.38650669642857144,
    "nvila-15b-sft3ep": 0.44104910714285717,
    "NVILA-15B": 0.7536767448207353,
    "NVILA-Lite-15B-Video": 0.7938616071428571,
    "baseline": 0.9113839285714286,
    "random_baseline": 1.2450860397371162
  },
  "mae_per_emotion": {
    "nvila-15b-sft": {
      "Interested / Concentrated / Alert": 0.3685714285714286,
      "Fearful / Scared / Afraid": 0.37071428571428583,
      "Anxious / Tense / Nervous": 0.41821428571428576,
      "Moved": 0.5389285714285712,
      "Angry / Irritated / Mad": 0.4499999999999998,
      "Ashamed / Embarrassed": 0.40910714285714295,
      "Warm-hearted / Gleeful / Elated": 0.40107142857142847,
      "Joyful / Amused / Happy": 0.49999999999999994,
      "Sad / Downhearted / Blue": 0.3900000000000001,
      "Satisfied / Pleased": 0.4521428571428571,
      "Surprised / Amazed / Astonished": 0.2660714285714286,
      "Loving / Affectionate / Friendly": 0.44428571428571406,
      "Guilty / Remorseful": 0.34339285714285717,
      "Disgusted / Turned off / Repulsed": 0.3667857142857142,
      "Disdainful / Scornful / Contemptuous": 0.35964285714285704,
      "Calm / Serene / Relaxed": 0.4414285714285714
    },
    "nvila-15b-sft2ep": {
      "Interested / Concentrated / Alert": 0.46500000000000014,
      "Fearful / Scared / Afraid": 0.35660714285714296,
      "Anxious / Tense / Nervous": 0.4212499999999998,
      "Moved": 0.39428571428571424,
      "Angry / Irritated / Mad": 0.3369642857142856,
      "Ashamed / Embarrassed": 0.36607142857142855,
      "Warm-hearted / Gleeful / Elated": 0.3758928571428572,
      "Joyful / Amused / Happy": 0.48625000000000007,
      "Sad / Downhearted / Blue": 0.3562499999999999,
      "Satisfied / Pleased": 0.4387499999999999,
      "Surprised / Amazed / Astonished": 0.33874999999999994,
      "Loving / Affectionate / Friendly": 0.3578571428571428,
      "Guilty / Remorseful": 0.34875,
      "Disgusted / Turned off / Repulsed": 0.3985714285714286,
      "Disdainful / Scornful / Contemptuous": 0.35732142857142873,
      "Calm / Serene / Relaxed": 0.38553571428571437
    },
    "nvila-15b-sft3ep": {
      "Interested / Concentrated / Alert": 0.31624999999999986,
      "Fearful / Scared / Afraid": 0.5171428571428572,
      "Anxious / Tense / Nervous": 0.6062500000000001,
      "Moved": 0.5280357142857144,
      "Angry / Irritated / Mad": 0.3505357142857144,
      "Ashamed / Embarrassed": 0.3458928571428572,
      "Warm-hearted / Gleeful / Elated": 0.4214285714285713,
      "Joyful / Amused / Happy": 0.5450000000000003,
      "Sad / Downhearted / Blue": 0.3942857142857141,
      "Satisfied / Pleased": 0.5355357142857142,
      "Surprised / Amazed / Astonished": 0.32803571428571426,
      "Loving / Affectionate / Friendly": 0.5444642857142857,
      "Guilty / Remorseful": 0.31553571428571425,
      "Disgusted / Turned off / Repulsed": 0.45250000000000007,
      "Disdainful / Scornful / Contemptuous": 0.3316071428571429,
      "Calm / Serene / Relaxed": 0.5242857142857144
    },
    "NVILA-15B": {
      "Interested / Concentrated / Alert": 0.5011408072000729,
      "Fearful / Scared / Afraid": 0.7134013254424575,
      "Anxious / Tense / Nervous": 0.7191344081492247,
      "Moved": 0.7334725995661424,
      "Angry / Irritated / Mad": 0.6247273470791825,
      "Ashamed / Embarrassed": 0.6805526596603553,
      "Warm-hearted / Gleeful / Elated": 0.5713648617341675,
      "Joyful / Amused / Happy": 0.6325699578076843,
      "Sad / Downhearted / Blue": 0.831141579438793,
      "Satisfied / Pleased": 0.6375064060712005,
      "Surprised / Amazed / Astonished": 1.0976012334758465,
      "Loving / Affectionate / Friendly": 0.5253845397808246,
      "Guilty / Remorseful": 0.6504934429912316,
      "Disgusted / Turned off / Repulsed": 1.075969335102462,
      "Disdainful / Scornful / Contemptuous": 0.9820157010172489,
      "Calm / Serene / Relaxed": 1.0823517126148705
    },
    "NVILA-Lite-15B-Video": {
      "Interested / Concentrated / Alert": 1.0125,
      "Fearful / Scared / Afraid": 0.6749999999999999,
      "Anxious / Tense / Nervous": 0.8053571428571428,
      "Moved": 0.7785714285714286,
      "Angry / Irritated / Mad": 0.6839285714285712,
      "Ashamed / Embarrassed": 0.6803571428571427,
      "Warm-hearted / Gleeful / Elated": 0.7357142857142858,
      "Joyful / Amused / Happy": 0.5660714285714284,
      "Sad / Downhearted / Blue": 0.6267857142857143,
      "Satisfied / Pleased": 0.7089285714285715,
      "Surprised / Amazed / Astonished": 1.1125,
      "Loving / Affectionate / Friendly": 0.6678571428571427,
      "Guilty / Remorseful": 0.6589285714285715,
      "Disgusted / Turned off / Repulsed": 1.1625,
      "Disdainful / Scornful / Contemptuous": 0.955357142857143,
      "Calm / Serene / Relaxed": 0.8714285714285717
    },
    "baseline": {
      "Interested / Concentrated / Alert": 0.6249999999999999,
      "Fearful / Scared / Afraid": 0.807142857142857,
      "Anxious / Tense / Nervous": 0.7285714285714284,
      "Moved": 0.8035714285714285,
      "Angry / Irritated / Mad": 1.017857142857143,
      "Ashamed / Embarrassed": 1.217857142857143,
      "Warm-hearted / Gleeful / Elated": 1.0357142857142858,
      "Joyful / Amused / Happy": 1.0785714285714285,
      "Sad / Downhearted / Blue": 0.8928571428571427,
      "Satisfied / Pleased": 0.9535714285714285,
      "Surprised / Amazed / Astonished": 0.48928571428571427,
      "Loving / Affectionate / Friendly": 1.0571428571428572,
      "Guilty / Remorseful": 1.2892857142857141,
      "Disgusted / Turned off / Repulsed": 0.8214285714285714,
      "Disdainful / Scornful / Contemptuous": 0.9785714285714285,
      "Calm / Serene / Relaxed": 0.7857142857142858
    },
    "random_baseline": {
      "Interested / Concentrated / Alert": 1.1402144791313604,
      "Fearful / Scared / Afraid": 0.9976824439496275,
      "Anxious / Tense / Nervous": 1.1925110497549898,
      "Moved": 1.3632947782077642,
      "Angry / Irritated / Mad": 1.2221087124532528,
      "Ashamed / Embarrassed": 1.184419240676384,
      "Warm-hearted / Gleeful / Elated": 1.3325374942148283,
      "Joyful / Amused / Happy": 1.184220181109245,
      "Sad / Downhearted / Blue": 1.5143270951163335,
      "Satisfied / Pleased": 1.317073931520051,
      "Surprised / Amazed / Astonished": 0.8541134398077801,
      "Loving / Affectionate / Friendly": 1.320994630451304,
      "Guilty / Remorseful": 1.2035830549445552,
      "Disgusted / Turned off / Repulsed": 1.1923770164816143,
      "Disdainful / Scornful / Contemptuous": 1.3819791546071065,
      "Calm / Serene / Relaxed": 1.5199399333676664
    }
  }
}