{
  "mse_overall": {
    "nvila-15b-sft": 0.2737462053571428,
    "nvila-15b-sft2ep": 0.2588835379464286,
    "nvila-15b-sft3ep": 0.33376651785714284,
    "NVILA-15B": 0.8502069942516288,
    "NVILA-Lite-15B-Video": 0.9214341517857143,
    "baseline": 1.1167633928571428,
    "random_baseline": 2.3086918351789527
  },
  "mse_per_emotion": {
    "nvila-15b-sft": {
      "Interested / Concentrated / Alert": 0.21483571428571438,
      "Fearful / Scared / Afraid": 0.22554285714285724,
      "Anxious / Tense / Nervous": 0.2854464285714285,
      "Moved": 0.3827107142857139,
      "Angry / Irritated / Mad": 0.285598214285714,
      "Ashamed / Embarrassed": 0.23639375000000004,
      "Warm-hearted / Gleeful / Elated": 0.30808214285714275,
      "Joyful / Amused / Happy": 0.3673642857142857,
      "Sad / Downhearted / Blue": 0.30431250000000004,
      "Satisfied / Pleased": 0.33842142857142854,
      "Surprised / Amazed / Astonished": 0.1670892857142857,
      "Loving / Affectionate / Friendly": 0.38354285714285696,
      "Guilty / Remorseful": 0.1643848214285714,
      "Disgusted / Turned off / Repulsed": 0.2031607142857142,
      "Disdainful / Scornful / Contemptuous": 0.21515178571428553,
      "Calm / Serene / Relaxed": 0.2979017857142857
    },
    "nvila-15b-sft2ep": {
      "Interested / Concentrated / Alert": 0.31033035714285745,
      "Fearful / Scared / Afraid": 0.18590267857142861,
      "Anxious / Tense / Nervous": 0.30262232142857126,
      "Moved": 0.26193392857142855,
      "Angry / Irritated / Mad": 0.1847473214285713,
      "Ashamed / Embarrassed": 0.22060714285714292,
      "Warm-hearted / Gleeful / Elated": 0.24893660714285712,
      "Joyful / Amused / Happy": 0.4132223214285714,
      "Sad / Downhearted / Blue": 0.2051633928571428,
      "Satisfied / Pleased": 0.34128482142857136,
      "Surprised / Amazed / Astonished": 0.23740982142857137,
      "Loving / Affectionate / Friendly": 0.2767875000000001,
      "Guilty / Remorseful": 0.21032767857142853,
      "Disgusted / Turned off / Repulsed": 0.2674982142857143,
      "Disdainful / Scornful / Contemptuous": 0.23358660714285717,
      "Calm / Serene / Relaxed": 0.2417758928571429
    },
    "nvila-15b-sft3ep": {
      "Interested / Concentrated / Alert": 0.18071874999999973,
      "Fearful / Scared / Afraid": 0.41538214285714276,
      "Anxious / Tense / Nervous": 0.5908241071428569,
      "Moved": 0.4606776785714287,
      "Angry / Irritated / Mad": 0.19901160714285723,
      "Ashamed / Embarrassed": 0.22409732142857144,
      "Warm-hearted / Gleeful / Elated": 0.31715535714285703,
      "Joyful / Amused / Happy": 0.5062910714285718,
      "Sad / Downhearted / Blue": 0.25490892857142844,
      "Satisfied / Pleased": 0.4505687499999999,
      "Surprised / Amazed / Astonished": 0.19986339285714277,
      "Loving / Affectionate / Friendly": 0.5033223214285716,
      "Guilty / Remorseful": 0.16390625,
      "Disgusted / Turned off / Repulsed": 0.2917803571428572,
      "Disdainful / Scornful / Contemptuous": 0.15692946428571428,
      "Calm / Serene / Relaxed": 0.42482678571428567
    },
    "NVILA-15B": {
      "Interested / Concentrated / Alert": 0.3850572235976078,
      "Fearful / Scared / Afraid": 0.9226320091474768,
      "Anxious / Tense / Nervous": 0.8591816374372866,
      "Moved": 0.7808987601908207,
      "Angry / Irritated / Mad": 0.581676129287789,
      "Ashamed / Embarrassed": 0.6624311744675143,
      "Warm-hearted / Gleeful / Elated": 0.41764286545608703,
      "Joyful / Amused / Happy": 0.6051818126806111,
      "Sad / Downhearted / Blue": 1.0401445339307658,
      "Satisfied / Pleased": 0.5904789932018254,
      "Surprised / Amazed / Astonished": 1.5927845501023103,
      "Loving / Affectionate / Friendly": 0.35453413079364,
      "Guilty / Remorseful": 0.6142061497096646,
      "Disgusted / Turned off / Repulsed": 1.535478976568207,
      "Disdainful / Scornful / Contemptuous": 1.2485985892178222,
      "Calm / Serene / Relaxed": 1.4123843722366345
    },
    "NVILA-Lite-15B-Video": {
      "Interested / Concentrated / Alert": 1.2715178571428574,
      "Fearful / Scared / Afraid": 0.8035714285714283,
      "Anxious / Tense / Nervous": 0.9915178571428572,
      "Moved": 0.9098214285714287,
      "Angry / Irritated / Mad": 0.7166964285714288,
      "Ashamed / Embarrassed": 0.6581250000000001,
      "Warm-hearted / Gleeful / Elated": 0.6694642857142857,
      "Joyful / Amused / Happy": 0.4845535714285715,
      "Sad / Downhearted / Blue": 0.5508035714285714,
      "Satisfied / Pleased": 0.7197321428571428,
      "Surprised / Amazed / Astonished": 1.6029464285714283,
      "Loving / Affectionate / Friendly": 0.7575,
      "Guilty / Remorseful": 0.588125,
      "Disgusted / Turned off / Repulsed": 1.7366964285714286,
      "Disdainful / Scornful / Contemptuous": 1.1813392857142857,
      "Calm / Serene / Relaxed": 1.1005357142857144
    },
    "baseline": {
      "Interested / Concentrated / Alert": 0.4803571428571427,
      "Fearful / Scared / Afraid": 1.0592857142857144,
      "Anxious / Tense / Nervous": 0.9071428571428571,
      "Moved": 0.8139285714285716,
      "Angry / Irritated / Mad": 1.3475,
      "Ashamed / Embarrassed": 1.6789285714285713,
      "Warm-hearted / Gleeful / Elated": 1.3028571428571427,
      "Joyful / Amused / Happy": 1.5014285714285716,
      "Sad / Downhearted / Blue": 1.0900000000000003,
      "Satisfied / Pleased": 1.2067857142857144,
      "Surprised / Amazed / Astonished": 0.3489285714285715,
      "Loving / Affectionate / Friendly": 1.3807142857142858,
      "Guilty / Remorseful": 1.8282142857142856,
      "Disgusted / Turned off / Repulsed": 0.9507142857142856,
      "Disdainful / Scornful / Contemptuous": 1.182142857142857,
      "Calm / Serene / Relaxed": 0.7892857142857144
    },
    "random_baseline": {
      "Interested / Concentrated / Alert": 2.1102125757612678,
      "Fearful / Scared / Afraid": 2.5017654740762336,
      "Anxious / Tense / Nervous": 2.0320394817129293,
      "Moved": 3.045336730276091,
      "Angry / Irritated / Mad": 1.8140743144464881,
      "Ashamed / Embarrassed": 3.499837072745435,
      "Warm-hearted / Gleeful / Elated": 1.4516341818096616,
      "Joyful / Amused / Happy": 2.6636143170224407,
      "Sad / Downhearted / Blue": 2.017176701913551,
      "Satisfied / Pleased": 2.8091727375153828,
      "Surprised / Amazed / Astonished": 0.9538827731673172,
      "Loving / Affectionate / Friendly": 2.7645354062196157,
      "Guilty / Remorseful": 2.4493205445657416,
      "Disgusted / Turned off / Repulsed": 2.4515705353120114,
      "Disdainful / Scornful / Contemptuous": 2.436806118086814,
      "Calm / Serene / Relaxed": 1.9380903982322626
    }
  }
}